"drug","patient_count"
"Sodium Chloride 0.9%  Flush","4017"
"Acetaminophen","3632"
"Heparin","3603"
"Senna","3280"
"Docusate Sodium","3029"
"Ondansetron","2611"
"Magnesium Sulfate","2486"
"0.9% Sodium Chloride","2448"
"Albuterol 0.083% Neb Soln","2360"
"Bisacodyl","2158"
"Potassium Chloride","2126"
"Bag","2097"
"Polyethylene Glycol","1983"
"Iso-Osmotic Dextrose","1916"
"HYDROmorphone (Dilaudid)","1910"
"Lactated Ringers","1806"
"5% Dextrose","1776"
"Insulin","1593"
"Vancomycin","1556"
"Furosemide","1524"
"Aspirin","1473"
"Morphine Sulfate","1465"
"Metoprolol Tartrate","1457"
"Sodium Chloride 0.9%","1448"
"Dextrose 50%","1391"
"Glucagon","1388"
"Omeprazole","1319"
"OxyCODONE (Immediate Release)","1280"
"Vial","1275"
"Pantoprazole","1257"
"Ipratropium Bromide Neb","1182"
"Neutra-Phos","1169"
"Dexamethasone","1163"
"Lorazepam","1153"
"OxycoDONE (Immediate Release) ","1131"
"Heparin Flush (10 units/ml)","1130"
"Glucose Gel","1061"
"Calcium Gluconate","1044"
"Atorvastatin","1034"
"CefePIME","1016"
"Albuterol Inhaler","1009"
"SW","987"
"Influenza Vaccine Quadrivalent","970"
"Lidocaine 5% Patch","970"
"LORazepam","940"
"Famotidine","932"
"Acetaminophen IV","926"
"Prochlorperazine","920"
"0.9% Sodium Chloride (Mini Bag Plus)","877"
"Ipratropium-Albuterol Neb","837"
"Calcium Carbonate","819"
"FoLIC Acid","815"
"D5 1/2NS","799"
"Heparin Sodium","799"
"NS","769"
"Multivitamins","760"
"Fentanyl Citrate","741"
"Enoxaparin Sodium","727"
"Gabapentin","723"
"Lisinopril","723"
"Metoprolol Succinate XL","721"
"Vitamin D","714"
"Levofloxacin","706"
"PredniSONE","703"
"Influenza Virus Vaccine","699"
"Potassium Chloride Replacement (Critical Care and Oncology) ","690"
"Ramelteon","688"
"Lidocaine 1%","687"
"Iso-Osmotic Sodium Chloride","676"
"Milk of Magnesia","662"
"Benzonatate","659"
"Simvastatin","639"
"Tiotropium Bromide","631"
"TraZODone","621"
"Levothyroxine Sodium","612"
"Azithromycin","609"
"Lactulose","597"
"Readi-Cat 2 (Barium Sulfate 2% Suspension)","597"
"Magnesium Oxide","594"
"CefTRIAXone","567"
"Propofol","558"
"Soln","557"
"Ketorolac","557"
"Sterile Water","556"
"Piperacillin-Tazobactam","544"
"DiphenhydrAMINE","538"
"Chlorhexidine Gluconate 0.12% Oral Rinse","521"
"Pneumococcal Vac Polyvalent","512"
"Potassium Phosphate","496"
"Acetylcysteine 20%","495"
"Nicotine Patch","480"
"PNEUMOcoccal 23-valent polysaccharide vaccine","475"
"Tamsulosin","465"
"Haloperidol","462"
"Phosphorus","457"
"Heparin Flush (100 units/ml)","457"
"Lidocaine 1% (For PICC/Midline Insertions)","449"
"MetroNIDAZOLE","448"
"Fluticasone-Salmeterol Diskus (250/50) ","439"
"Ibuprofen","438"
"Dextrose 5%","414"
"Diltiazem","411"
"Midazolam","408"
"Multivitamins W/minerals","406"
"HYDROmorphone","400"
"Nystatin Oral Suspension","397"
"GuaiFENesin","382"
"Docusate Sodium (Liquid)","382"
"amLODIPine","370"
"Ondansetron ODT","364"
"Thiamine","364"
"PHENYLEPHrine","363"
"MetRONIDAZOLE (FLagyl)","362"
"NORepinephrine","358"
"MethylPREDNISolone Sodium Succ","355"
"Simethicone","351"
"Mirtazapine","350"
"CefazoLIN","347"
"Hydrochlorothiazide","344"
"Ranitidine","343"
"TraMADol","343"
"Warfarin","342"
"CeftriaXONE","342"
"GuaiFENesin ER","339"
"HydrALAZINE","337"
"Phytonadione","335"
"Sodium Phosphate","333"
"Sodium Chloride Nasal","330"
"D5W","330"
"Fluticasone Propionate NASAL","321"
"Potassium Chloride (Powder)","321"
"Lidocaine Jelly 2% (Glydo)","320"
"Ciprofloxacin HCl","318"
"Cyanocobalamin","318"
"Enoxaparin (Prophylaxis)","318"
"Guaifenesin","314"
"Scopolamine Patch","306"
"Morphine SR (MS Contin)","305"
"LR","305"
"Aluminum-Magnesium Hydrox.-Simethicone","305"
"Atenolol","304"
"Bupivacaine 0.1%","298"
"Apixaban","297"
"Allopurinol","297"
"Amlodipine","294"
"HydrALAzine","293"
"Labetalol","291"
"LevETIRAcetam","286"
"Zolpidem Tartrate","284"
"TraMADOL (Ultram)","283"
"traZODONE","281"
"QUEtiapine Fumarate","280"
"Losartan Potassium","278"
"Metoclopramide","277"
"LeVETiracetam","276"
"Sodium Chloride 3% Inhalation Soln","276"
"Morphine Sulfate IR","274"
"Fentanyl Patch","274"
"Guaifenesin-CODEINE Phosphate","273"
"Ipratropium Bromide MDI","273"
"Maalox/Diphenhydramine/Lidocaine","269"
"Lidocaine Jelly 2% (Urojet)","269"
"Glycopyrrolate","267"
"Oxycodone-Acetaminophen","265"
"Fluticasone Propionate 110mcg","264"
"Lansoprazole Oral Disintegrating Tab","263"
"Sarna Lotion","262"
"Alteplase (Catheter Clearance)","262"
"Amiodarone","259"
"Syringe (0.9% Sodium Chloride)","252"
"Clopidogrel","251"
"Potassium Chl 20 mEq / 1000 mL D5 1/2 NS","250"
"Yellow CADD Cassette","246"
"Amoxicillin-Clavulanic Acid","244"
"Sodium Bicarbonate","243"
"Acetaminophen (Liquid)","237"
"Ferrous Sulfate","234"
"Naloxone","233"
"Guaifenesin-Dextromethorphan","229"
"D5NS","226"
"Sulfameth/Trimethoprim DS","225"
"OLANZapine (Disintegrating Tablet)","222"
"Dexmedetomidine","221"
"CARBOplatin","220"
"0.45% Sodium Chloride","215"
"Pravastatin","213"
"Influenza Vaccine High-Dose Quadrivalent","212"
"1/2 NS","211"
"Artificial Tears","210"
"Potassium Chloride Replacement (Oncology)","208"
"Syringe","207"
"Sertraline","204"
"Citalopram","203"
"CeFAZolin","203"
"Ampicillin-Sulbactam","199"
"Rosuvastatin Calcium","197"
"Cepacol (Sore Throat Lozenge)","192"
"Fluconazole","187"
"Azithromycin ","183"
"OLANZapine","183"
"Diltiazem Extended-Release","182"
"Nitroglycerin SL","181"
"Digoxin","180"
"Etoposide","179"
"Diazepam","175"
"Magnesium Citrate","174"
"OxyCODONE SR (OxyconTIN)","171"
"LOPERamide","170"
"Vasopressin","169"
"Ciprofloxacin IV","168"
"Hydrocortisone Na Succ.","163"
"CefTAZidime","159"
"Lidocaine Viscous 2%","158"
"Sodium Chloride","158"
"Sulfameth/Trimethoprim SS","154"
"Finasteride","151"
"OxycoDONE Liquid","150"
"Cyclobenzaprine","150"
"MetFORMIN (Glucophage)","149"
"Oxycodone SR (OxyconTIN)","148"
"Fosaprepitant","146"
"Torsemide","144"
"Ascorbic Acid","144"
"Fluticasone-Salmeterol Diskus (500/50) ","141"
"Miconazole Powder 2%","141"
"Latanoprost 0.005% Ophth. Soln.","140"
"Chloraseptic Throat Spray","139"
"Pregabalin","136"
"Sodium Polystyrene Sulfonate","134"
"Cepacol (Menthol)","133"
"Cefpodoxime Proxetil","133"
"Doxycycline Hyclate","132"
"Isosorbide Mononitrate (Extended Release)","132"
"Guaifenesin ER","132"
"Morphine Sulfate (Oral Soln.)","131"
"Vancomycin Oral Liquid","131"
"Acyclovir","131"
"Sucralfate","129"
"Spironolactone","129"
"Albumin 25% (12.5g / 50mL)","125"
"Albumin 5% (12.5g / 250mL)","123"
"ClonazePAM","122"
"Fluticasone-Salmeterol Diskus (100/50)","122"
"ALPRAZolam","122"
"GuaiFENesin-Dextromethorphan","119"
"Aspirin EC","119"
"Meropenem","116"
"Pantoprazole Sodium","116"
"Clindamycin","114"
"Potassium Chl 20 mEq / 1000 mL NS","113"
"Codeine Sulfate","111"
"Pamidronate","111"
"D5LR","110"
"5% Dextrose (EXCEL BAG)","108"
"Dexamethasone Sod Phosphate","108"
"Dextrose 10% in Water (D10W)","105"
"Filgrastim","104"
"Hyoscyamine","104"
"HydrOXYzine","103"
"Valsartan","103"
"Dronabinol","102"
"Promethazine","101"
"Levalbuterol Neb","101"
"Enoxaparin (Treatment)","100"
"OxyCODONE SR (OxyCONTIN)","99"
"Naproxen","98"
"Megestrol Acetate","96"
"NS Syringe (Intrapleural)","95"
"Lidocaine 1%/Epinephrine 1:100,000","95"
"Escitalopram Oxalate","94"
"Carvedilol","94"
"Iohexol 240 (Omnipaque 240)","93"
"NiCARdipine IV","92"
"Morphine Sulfate (Oral Solution) 2 mg/mL","90"
"Loratadine","90"
"Vitamin D3 (Cholecalciferol)","88"
"NS (Mini Bag Plus)","87"
"Phenylephrine","87"
"MethylPHENIDATE (Ritalin)","86"
"Alteplase","85"
"BuPROPion (Sustained Release)","84"
"Methadone","84"
"Albuterol-Ipratropium","84"
"Nitroglycerin","83"
"LevoFLOXacin","83"
"Potassium Chl 40 mEq / 1000 mL NS","82"
"Acetaminophen-Caff-Butalbital","81"
"Morphine Sulfate (Concentrated Oral Soln)","81"
"Fleet Enema","81"
"Oxycodone-Acetaminophen (5mg-325mg)","80"
"Rivaroxaban","80"
"Fexofenadine","80"
"Midodrine","79"
"Piperacillin-Tazobactam Na","78"
"Aquaphor Ointment","77"
"Cosyntropin","77"
"Insulin (Regular) for Hyperkalemia","75"
"Erythromycin 0.5% Ophth Oint","74"
"Methylnaltrexone","72"
"Olanzapine (Disintegrating Tablet)","71"
"Clonazepam","70"
"FLUoxetine","70"
"Cepastat (Phenol) Lozenge","69"
"Artificial Tear Ointment","69"
"Fish Oil (Omega 3)","69"
"Venlafaxine XR","69"
"GuaiFENesin-CODEINE Phosphate","67"
"Quetiapine Fumarate","66"
"Dexamethasone Sod Phos","66"
"Colchicine","66"
"Hydrocodone-Acetaminophen","66"
"Citalopram Hydrobromide","65"
"Potassium Chl 40 mEq / 1000 mL D5 1/2 NS","64"
"Ezetimibe","64"
"Albumin 5% (25g / 500mL)","64"
"Cetirizine","64"
"HYDROmorphone P.F.","61"
"Amitriptyline","61"
"Cephalexin","61"
"Fleet Enema (Saline)","60"
"Montelukast","60"
"Baclofen","59"
"CARVedilol","58"
"Donepezil","58"
"Filgrastim-sndz","58"
"Calcium Replacement (Oncology)","58"
"Insulin Human Regular","58"
"Potassium Citrate","58"
"Captopril","58"
"Nystatin","58"
"Phenytoin Sodium","57"
"Timolol Maleate 0.5%","57"
"CISplatin","57"
"Fluoxetine","57"
"Loperamide","56"
"Syringe (Sterile Water)","56"
"Lidocaine 5% Ointment","55"
"Morphine Sulfate (Concentrated Oral Solution) 20 mg/mL","54"
"Oxymetazoline","54"
"GlipiZIDE","54"
"Lidocaine 2%","53"
"Fludrocortisone Acetate","52"
"Brimonidine Tartrate 0.15% Ophth.","52"
"Tizanidine","52"
"OxyCODONE Liquid","52"
"Fleet Enema (Mineral Oil)","52"
"Alendronate Sodium","51"
"Multivitamin IV","50"
"Cisatracurium Besylate","50"
"Acetaminophen w/Codeine","50"
"Oxybutynin","50"
"0.83% Sodium Chloride","50"
"MoviPrep","49"
"Esmolol","49"
"Rocuronium","48"
"Verapamil SR","48"
"Meclizine","48"
"Doxazosin","48"
"Albumin 5%","48"
"Olanzapine","48"
"Dornase alfa","48"
"NIFEdipine CR","47"
"Gastroview (Diatrizoate Meglumine & Sodium)","47"
"sevelamer CARBONATE","47"
"Nicotine Lozenge","47"
"Atovaquone Suspension","46"
"PACLItaxel (TaxOL)","46"
"Mannitol","46"
"Caphosol","46"
"Enalapril Maleate","46"
"DULoxetine DR","45"
"Potassium Chl 20 mEq / 1000 mL D5NS","45"
"Epidural Bag","45"
"Alprazolam","45"
"Calcitriol","45"
"Paroxetine","44"
"Linezolid","44"
"0.9% Sodium Chloride (EXCEL BAG)","44"
"Ampicillin Sodium","44"
"Tranexamic Acid","44"
"Micafungin","44"
"Norepinephrine","44"
"Fluticasone-Salmeterol (250/50) ","43"
"Sodium CITRATE 4%","43"
"PNEUMOcoccal Vac Polyvalent","43"
"Isosorbide Dinitrate","43"
"BuPROPion","42"
"Nephrocaps","42"
"Atropine Sulfate","42"
"Hydrocortisone Cream 1%","41"
"Tuberculin Protein","41"
"Xopenex Neb","41"
"Mouth Care Oral Rinse","41"
"Diazepam - CIWA protocol","41"
"Calcitonin Salmon","40"
"Desmopressin Acetate","40"
"Psyllium Powder","40"
"Ferric Gluconate","39"
"ChlorproMAZINE","39"
"Succinylcholine","38"
"Divalproex (DELayed Release)","38"
"Calcium Gluconate sliding scale (Critical Care-Ionized calcium)","38"
"Artificial Tears Preserv. Free","38"
"EPINEPHrine","38"
"300 mcg Vial","38"
"D10W","38"
"Albumin 25%","38"
"Diphenoxylate-Atropine","37"
"Artificial Tears GEL 1%","37"
"Metoprolol","37"
"Racepinephrine","37"
"Terazosin","37"
"Clotrimazole","36"
"Salmeterol Xinafoate Diskus (50 mcg)","36"
"Chlorothiazide Sodium","36"
"PrednisoLONE Acetate 1% Ophth. Susp.","36"
"ValACYclovir","35"
"CloNIDine","35"
"Pyridoxine","35"
"Pemetrexed","35"
"Meperidine","35"
"BusPIRone","34"
"Hydrocerin","34"
"Metolazone","34"
"Verapamil","34"
"OxycoDONE-Acetaminophen Elixir","34"
"Phenazopyridine","34"
"Valproate Sodium","34"
"Talc (Sterile)","34"
"Ipratropium-Albuterol Inhalation Spray","34"
"Montelukast Sodium","34"
"Phenytoin Sodium Extended","33"
"Phenytoin","33"
"Zinc Sulfate","33"
"osimertinib","33"
"Capsaicin 0.025%","33"
"Neomycin-Polymyxin-Bacitracin","33"
"Lidocaine 1%/Epinephrine 1:100000","33"
"MetFORMIN XR (Glucophage XR)","33"
"Gentamicin","33"
"Bupivacaine 0.5%","33"
"Sodium Chloride 3% (Hypertonic)","32"
"Albuterol MDI","32"
"CloniDINE","32"
"Valproic Acid","32"
"Memantine","32"
"Duloxetine","32"
"Nitroprusside Sodium","32"
"Prismasate (B32 K2)","32"
"OSELTAMivir","32"
"Lactulose Enema","31"
"OxyCODONE--Acetaminophen (5mg-325mg)","31"
"Octreotide Acetate","31"
"Hydroxychloroquine Sulfate","31"
"OxycoDONE (Concentrated Oral Soln)","31"
"Vitamin B Complex","31"
"AcetaZOLamide Sodium","31"
"GlipiZIDE XL","31"
"Argatroban","30"
"Carbidopa-Levodopa (25-100)","30"
"Hydrocortisone (Rectal) 2.5% Cream","30"
"LACOSamide","30"
"Propranolol","30"
"Chlorthalidone","30"
"Potassium Chl 40 mEq / 1000 mL D5NS","30"
"Dorzolamide 2%/Timolol 0.5% Ophth.","30"
"Soln.","29"
"BuPROPion XL (Once Daily)","29"
"Adenosine","29"
"Nortriptyline","29"
"Creon 12","29"
"Tacrolimus","29"
"NS (0.9% NaCl)","29"
"Hydrocortisone","28"
"DOPamine","28"
"Mucinex","28"
"Psyllium","28"
"Lidocaine 0.5%","28"
"Citrate Dextrose 3% (ACD-A) CRRT","27"
"Codeine Phosphate","27"
"LamoTRIgine","27"
"Nadolol","27"
"Heparin (CRRT Machine Priming)","27"
"Topiramate (Topamax)","27"
"Amoxicillin","27"
"Golytely","27"
"Budesonide","26"
"Heparin Flush (1000 units/mL)","26"
"Nitrofurantoin Monohyd (MacroBID)","26"
"Sulfamethoxazole-Trimethoprim","26"
"0.9% NaCl (EXCEL/ViaFLO BAG)","26"
"Aztreonam","26"
"Ketamine","26"
"Clobetasol Propionate 0.05% Cream","25"
"D5W (EXCEL BAG)","25"
"Isotonic Sodium Chloride","25"
"Psyllium Wafer","25"
"Lidocaine Jelly 2%","25"
"Nystatin Cream","25"
"Ranitidine (Liquid)","25"
"Triamcinolone Acetonide 0.1% Ointment","25"
"Triamcinolone Acetonide 0.1% Cream","25"
"DOBUTamine","25"
"PARoxetine","25"
"Atropine Sulfate 1%","24"
"Zoledronic Acid","24"
"Heparin Dwell (1000 Units/mL)","24"
"Xopenex","24"
"NS Epidural Bag","24"
"Albuterol","24"
"Dextromethorphan Polistirex","24"
"Nicotine Polacrilex","24"
"Hydrocortisone Cream 2.5%","23"
"*NF* Erlotinib","23"
"Multivitamins W/minerals Chewable","23"
"Fenofibrate","23"
"Maalox/Lidocaine","23"
"DULoxetine","23"
"GlyBURIDE","23"
"Mycophenolate Mofetil","23"
"Dorzolamide 2% Ophth. Soln.","23"
"Ursodiol","23"
"Lidocaine-Prilocaine","22"
"Vitamin E","22"
"Magnesium Sulfate Replacement (Oncology)","22"
"AcetaZOLamide","22"
"Emtricitabine-Tenofovir (Truvada)","22"
"Diclofenac Topical Gel 1%","22"
"Venlafaxine","22"
"Bengay Cream","22"
"Rifaximin","22"
"HYDROmorphone-HP","21"
"Clotrimazole Cream","21"
"Symbicort","21"
"Miconazole 2% Cream","21"
"Epinephrine 1:1000","21"
"Glycerin Supps","21"
"Cilostazol","21"
"Dextromethorphan-Guaifenesin (Sugar Free)","21"
"Triamterene-Hydrochlorothiazide","21"
"Etomidate","20"
"Amino Acids 5%-Dextrose 15%","20"
"0.9% Sodium Chl (Yellow CADD)","20"
"Prismasate (B22 K4)","20"
"Epoetin Alfa","20"
"Phenytoin (Suspension)","20"
"Clobetasol Propionate 0.05% Ointment","20"
"Benztropine Mesylate","20"
"LaMOTrigine","19"
"Dextromethorphan Poly Complex","19"
"RisperiDONE","19"
"Zonisamide","19"
"Voriconazole","19"
"Divalproex (EXTended Release)","19"
"Bacitracin Ointment","18"
"Pramipexole","18"
"MetOLazone","18"
"Pantoprazole (Granules for DR Suspension)","18"
"Methocarbamol","18"
"Nafcillin","18"
"Sotalol","18"
"Oseltamivir","18"
"Tolterodine","18"
"Tobramycin Sulfate","17"
"Blue CADD Cassette","17"
"Calcium Acetate","17"
"Morphine Infusion – Comfort Care Guidelines","17"
"Isosorbide Mononitrate","17"
"GammaGARD Liquid","17"
"EPINEPHrine (EpiPEN)","17"
"Celecoxib","17"
"Nitroglycerin Ointment  2%","17"
"Ropivacaine 0.2%","17"
"Iohexol 240","17"
"Potassium Chl 20 mEq / 1000 mL D5LR","17"
"Atropine Sulfate Ophth 1%","16"
"HYDROcodone-Acetaminophen (5mg-325mg)","16"
"Hydrocodone-Acetaminophen (5mg-325mg)","16"
"Famotidine (IV)","16"
"Pseudoephedrine","16"
"Chlorpheniramine-Hydrocodone","16"
"Promethazine HCl","16"
"Mupirocin Ointment 2%","16"
"Daptomycin","16"
"LevETIRAcetam Oral Solution","16"
"Bumetanide","16"
"Temazepam","16"
"Gelclair","16"
"Syringe (Chemo)","16"
"Rasburicase","16"
"Mannitol 20%","15"
"Ibuprofen Suspension","15"
"Mineral Oil","15"
"Sumatriptan Succinate","15"
"Anastrozole","15"
"Fondaparinux Sodium","15"
"NS Epidural Bag (0.9% NaCl)","15"
"Vancomycin – Pharmacy to Dose (ID Consult ONLY)","15"
"Aprepitant","15"
"Pancrelipase 5000","15"
"Bismuth Subsalicylate","14"
"Sodium Chloride 0.9%  Flush for CRRT","14"
"Risperidone","14"
"Sodium Glycerophosphate","14"
"Sulfameth/Trimethoprim Suspension","14"
"Propranolol LA","14"
"Dabigatran Etexilate","14"
"Tenofovir Disoproxil (Viread)","14"
"Timolol Maleate 0.25%","14"
"Amino Acids 4.25%-Dextrose 5%","14"
"NIFEdipine (Extended Release)","14"
"Gemfibrozil","14"
"Acetylcysteine Inhaled – For interventional pulmonary use only","14"
"Hespan","14"
"Hydromorphone (Oral Solution) 1 mg/1 mL","14"
"Lidocaine 2%/Epi 1:100,000","14"
"LeVETiracetam Oral Solution","13"
"Fosphenytoin","13"
"Lovastatin","13"
"Heparin Flush Port (10 units/mL)","13"
"Niacin SR","13"
"Mesalamine DR","13"
"Pioglitazone","13"
"PHENObarbital","13"
"Flecainide Acetate","13"
"COVID-19 Vaccine (PFIZER)","13"
"Mannitol 20 %","13"
"Isoniazid","13"
"Calcium Chloride","13"
"Calcium Carbonate Suspension","13"
"Minocycline","13"
"ARIPiprazole","12"
"Neostigmine","12"
"Quinapril","12"
"Felodipine","12"
"Methotrexate","12"
"Amoxicillin-Clavulanate Susp.","12"
"Heparin Flush CVL  (100 units/ml)","12"
"Heparin (Hemodialysis)","12"
"erlotinib","12"
"Ramipril","12"
"NIFEdipine","12"
"budesonide","12"
"DICYCLOMine","12"
"Lidocaine 1% P.F.","12"
"LaMIVudine","12"
"Cholestyramine","12"
"Indomethacin","12"
"Erythromycin","12"
"Vecuronium Bromide","11"
"Click Change <--- to Choose a Base Solution","11"
"Clonidine Patch 0.1 mg/24 hr","11"
"Gemcitabine","11"
"Ertapenem Sodium","11"
"Nitroglycerin Patch","11"
"DOCEtaxel (TaxoTERE)","11"
"Divalproex Sod. Sprinkles","11"
"Nitrofurantoin (Macrodantin)","11"
"Oxazepam","11"
"RiTONAvir","11"
"Dipyridamole-Aspirin","11"
"Lidocaine 0.5%/Epinephrine","11"
"rifAXIMin","11"
"Entecavir","11"
"INV-OTL-38","11"
"Ketoconazole 2% ","11"
"0.75% Sodium Chloride","11"
"Carbamide Peroxide 6.5%","11"
"Triamcinolone Acetonide 0.025% Cream","11"
"PHENObarbital Alcohol Withdrawal Dose Taper (Days 2-7)","11"
"Tarceva","11"
"crizotinib","11"
"Leucovorin Calcium","10"
"tiZANidine","10"
"Benzocaine-Menthol (Sore Throat Lozenge)","10"
"Hydrocortisone Cream 0.5%","10"
"CRRT","10"
"Hydrocortisone Acetate Suppository","10"
"Lithium Carbonate","10"
"Sacubitril-Valsartan (24mg-26mg)","10"
"PHENObarbital - ICU Alcohol Withdrawal (Initial Load / Rescue Dose)","10"
"Potassium Bicarbonate Eff","10"
"Triamterene-HCTZ (37.5/25)","10"
"Witch Hazel 50% Pad","10"
"Rifampin","10"
"Phenytoin Infatab","10"
"Hydrocodone-Acetaminophen (5mg-500mg)","10"
"Tamoxifen Citrate","10"
"Raltegravir","10"
"Epoprostenol (Veletri)","10"
"Aluminum Hydroxide Suspension","10"
"rOPINIRole","10"
"Estrogens Conjugated","10"
"Propoxyphene Nap.-Apap (N-100)","10"
"Fat Emulsion 20%","10"
"Vitamin D2 (Ergocalciferol)","10"
"Methylphenidate","10"
"5% Dextrose (Non DEHP)","10"
"PEMEtrexed","10"
"Mupirocin Nasal Ointment 2%","10"
"Niacin","10"
"Bupivacaine 0.05%","9"
"Febuxostat","9"
"Amphetamine-Dextroamphetamine","9"
"Remdesivir","9"
"Ampicillin","9"
"Betamethasone Dipro 0.05% Oint","9"
"Albumin 5% ","9"
"Letrozole","9"
"Ferrous GLUCONATE","9"
"Carbamazepine","9"
"Dolutegravir","9"
"Metoprolol XL (Toprol XL)","9"
"Ciprofloxacin 0.3% Ophth Soln","9"
"Erlotinib","9"
"Lidocaine 4%","9"
"Mupirocin Cream 2%","9"
"Sodium Chloride 0.9%  (Mini Bag Plus)","9"
"Dapsone","9"
"Flumazenil","9"
"CeftazIDIME","9"
"Clozapine","9"
"Atazanavir","9"
"Fondaparinux","9"
"Ethambutol HCl","9"
"Eplerenone","8"
"Cimetidine","8"
"Sildenafil","8"
"QUEtiapine extended-release","8"
"Syringe (SW)","8"
"Ropinirole","8"
"Gentamicin Sulfate","8"
"Collagenase Ointment","8"
"Milrinone","8"
"Anoro Ellipta","8"
"Methimazole","8"
"Ranolazine ER","8"
"Syringe (Iso-Osmotic Dextrose)","8"
"Clindamycin 1% Solution","8"
"Ambisome","8"
"anastrozole","8"
"TiCAGRELOR","8"
"OXcarbazepine","8"
"Alteplase 1mg/1mL ( Clearance ie. Temp TLCL )","8"
"Efavirenz","8"
"PrimiDONE","8"
"Doxepin HCl","8"
"Darunavir","8"
"AMP","8"
"Enalaprilat","8"
"Tucks Hemorrhoidal Oint 1%","7"
"Nystatin-Triamcinolone Cream","7"
"Opium Tincture","7"
"Oseltamivir Phosphate","7"
"Oxcarbazepine","7"
"Trace Elements","7"
"DiCYCLOmine","7"
"Naphazoline-Pheniramine Ophth. Solution","7"
"Theophylline SR","7"
"Theophylline ER","7"
"Perphenazine","7"
"Multiple Vitamins Liq.","7"
"Aripiprazole","7"
"Cytarabine","7"
"Tricor","7"
"Modafinil","7"
"Clonidine Patch 0.3 mg/24 hr","7"
"Gentamicin 0.3% Ophth. Soln","7"
"Zoledronic Acid (Zometa)","7"
"Prazosin","7"
"*NF* Ertapenem Sodium","7"
"Xopenex HFA","7"
"Cinacalcet","7"
"cilostazol","7"
"Vitamin A","7"
"Protamine Sulfate","7"
"Bengay","7"
"Benzocaine 20% Spray","7"
"Lacosamide","7"
"Hydroxyurea","7"
"Imipenem-Cilastatin","7"
"Betamethasone Dipro 0.05% Cream","7"
"Acetaminophen w/Codeine Elixir","7"
"Lidocaine 2% P.f.","7"
"INV-Thiamine","7"
"Silver Sulfadiazine 1% Cream","7"
"NS (Syringe)","7"
"Mesalamine","6"
"Iron Polysaccharides Complex","6"
"Levetiracetam","6"
"Vitamin B Complex w/C","6"
"olmesartan","6"
"alectinib","6"
"Acyclovir Ointment 5%","6"
"Bottle","6"
"Chlorothiazide","6"
"Esomeprazole sodium","6"
"Sodium Zirconium Cyclosilicate","6"
"Methylprednisolone","6"
"Levalbuterol HCl","6"
"Syringe (PCA)","6"
"Penicillin G Potassium","6"
"CycloSPORINE (Neoral) MODIFIED","6"
"Morphine ","6"
"guaiFENesin","6"
"Bicitra","6"
"LamiVUDine","6"
"Hemorrhoidal Suppository","6"
"Amino Acids 4.25% W/ Dextrose 5%","6"
"VinORELbine (Navelbine)","6"
"Ketorolac 0.5% Ophth Soln","6"
"Amphetamine-Dextroamphetamine XR","6"
"CarBAMazepine","6"
"Eptifibatide","6"
"Sirolimus","6"
"Clarithromycin","6"
"Terbinafine 1% Cream","6"
"Vancomycin Enema","6"
"NS (Irrigation Bottle)","6"
"Ferrous Gluconate","6"
"Miralax","5"
"benazepril","5"
"irbesartan","5"
"COVID-19 Vaccine (Moderna)","5"
"Hydrocodone-Acetaminophen (5mg-500mg","5"
"AzaTHIOprine","5"
"Acetylcysteine Inhaled - For interventional pulmonary use only","5"
"Syringe (NS)","5"
"Phenaseptic Throat Spray","5"
"Posaconazole Delayed Release Tablet","5"
"Epidural Infusion Bag in NS","5"
"Paricalcitol","5"
"Cromolyn Sodium (Nasal Inhalation)","5"
"Dronedarone","5"
"Ferrous Sulfate (Liquid)","5"
"Methadone (Oral Solution)  2 mg/1 mL","5"
"leflunomide","5"
"Magnesium Sulfate (Latex Free)","5"
"Trelegy Ellipta","5"
"Provigil","5"
"CELECOXIB","5"
"Fentanyl PCA","5"
"Fosfomycin Tromethamine","5"
"Trace Elements (Tralement)","5"
"Lumigan","5"
"Nystatin Ointment","5"
"Lubiprostone","5"
"Emtricitabine-Tenofovir alafen (200mg-25mg) *DESCOVY*","5"
"Ciprofloxacin","5"
"Pyrazinamide","5"
"MethylPREDNISolone Na Suc","5"
"Thyroid","5"
"Aminocaproic Acid","5"
"Buprenorphine-Naloxone Film (8mg-2mg)","5"
"0.9 % Sodium Chloride","5"
"Abacavir Sulfate","5"
"Amikacin","5"
"Methylphenidate SR","5"
"Epoetin alfa-epbx (Retacrit)","5"
"Fluticasone-Salmeterol (100/50)","5"
"0.82% Sodium Chloride","5"
"Clopidogrel Bisulfate","5"
"Irinotecan","5"
"Sulfameth/Trimethoprim","5"
"Bevacizumab (Avastin)","5"
"gefitinib","5"
"MetronidAZOLE Topical 1 % Gel","5"
"Syringe (Intrapleural)","5"
"Doxercalciferol","5"
"GuaiFENesin-Dextromethorphan (Sugar Free)","5"
"Empagliflozin","5"
"Advair Diskus","5"
"Brimonidine Tartrate 0.2% Ophth.","4"
"SulfaSALAzine_","4"
"Avodart","4"
"Bictegrav-Emtricit-Tenofov Ala","4"
"Acetylcysteine (IV)","4"
"VinCRIStine (Oncovin)","4"
"Sevelamer","4"
"acetylcysteine","4"
"DOXOrubicin","4"
"umeclidinium-vilanteroL","4"
"Morphine Sulfate ","4"
"0.54% Sodium Chloride","4"
"Tolvaptan","4"
"Methadone Inj","4"
"Methadone (Concentrated Oral Solution) 10 mg/1 mL","4"
"Heparin Flush PICC (100 units/ml)","4"
"Posaconazole","4"
"Bacitracin/Polymyxin B Sulfate Opht. Oint","4"
"CycloPHOSPHAMIDE","4"
"Mesna","4"
"Mesalamine (Rectal)","4"
"bimatoprost","4"
"Tagrisso","4"
"Cefepime Graded Challenge","4"
"PNEUMOcoccal 13-valent conjugate vaccine","4"
"Dakins 1/4 Strength","4"
"0.9% Sodium Chloride P.F. (Syringe)","4"
"CARBOplatin Desensitization","4"
"Moxifloxacin","4"
"Penicillin V Potassium","4"
"PEMEtrexed (Pemfexy)","4"
"Tobramycin Inhalation Soln","4"
"MedroxyPROGESTERone Acetate","4"
"PEMBROlizumab","4"
"Angiotensin II","4"
"ranolazine","4"
"Magnesium Sulfate Replacement (Critical Care and Oncology)","4"
"Lidocaine","4"
"capmatinib","4"
"IPRATROPIUM BROMIDE NEB","4"
"Fentanyl","4"
"Neulasta","4"
"Ivermectin","4"
"LevETIRAcetam - STAT Dose","4"
"RifAMPin","4"
"Orabase w/ Benzocaine Paste","4"
"Docusate","4"
"Docusate ","4"
"Liothyronine Sodium","4"
"Sacubitril-Valsartan (49mg-51mg)","4"
"Emtricitabine","4"
"Clotrimazole 1% Vaginal Cream","4"
"pramipexole","4"
"Aspirin (Buffered)","4"
"Prasugrel","4"
"Potassium Chl 40 mEq / 1000 mL D5W","4"
"Potassium Chl 20 mEq / 1000 mL D5W","4"
"CoVID-19 Vaccine per Pharmacy","4"
"Phentolamine Mesylate","3"
"23.4% Sodium Chloride","3"
"Acamprosate","3"
"Acarbose","3"
"Aerogen Syringe (NS)","3"
"Aerogen Syringe (SW)","3"
"albuterol sulfate","3"
"Alecensa","3"
"Arimidex","3"
"Avapro","3"
"Azathioprine","3"
"azelastine","3"
"benzona","3"
"Bortezomib","3"
"brimonidine","3"
"Bupivacaine 0.25%","3"
"Buprenorphine-Naloxone Film (4mg-1mg)","3"
"Buprenorphine-Naloxone Tablet (8mg-2mg)","3"
"Caffeine-Sodium Benzoate","3"
"Carbamazepine (Extended-Release)","3"
"Carbidopa-Levodopa (10-100)","3"
"carisoprodol","3"
"Caspofungin","3"
"Claritin","3"
"Clobazam","3"
"Clobetasol Propionate 0.05% Soln","3"
"CycloSPORINE (Sandimmune)","3"
"CYCLOSPORINE 0.05% OPHTH EMULSION","3"
"Cyproheptadine","3"
"DAPTOmycin","3"
"Dexamethasone Oral Soln (0.1mg/1mL)","3"
"Dofetilide","3"
"Erythromycin Ethylsuccinate Suspension","3"
"Estradiol","3"
"Etravirine","3"
"Fat Emulsion 20% (INTRAlipid)","3"
"Fleet Phospho-Soda","3"
"Fluocinonide 0.05% Ointment","3"
"Fluorometholone 0.1% Ophth Susp.","3"
"Fluphenazine","3"
"Gentamicin 0.1% Cream","3"
"glimepiride","3"
"Incruse Ellipta","3"
"Insulin Glargine  (CVICU Protocol)","3"
"Iron Dextran (Test Dose)","3"
"Iron Dextran Complex","3"
"Isosorbide","3"
"Ketoconazole","3"
"Lactic Acid 12% Lotion","3"
"letrozole","3"
"Levobunolol 0.5%","3"
"Lidocai","3"
"Lidocaine 1% P.f.","3"
"LOPERamide Suspension","3"
"melatonin","3"
"MENINGOcoccal Conj Vaccine (Menactra)","3"
"MethIMAzole","3"
"Methotrexate Sodium P.F.","3"
"Miconazole Nitrate Vag Cream 2%","3"
"Minoxidil","3"
"Morphine","3"
"moxifloxacin","3"
"Multivitamins W/minerals Liquid","3"
"N-Acetylcysteine","3"
"Nabumetone","3"
"Naloxone HCl","3"
"NORepinephrine (in NS)","3"
"Norepinephrine Bitartrate","3"
"PhenAZOPYRIDine","3"
"Phoxillum (B22 K4)","3"
"Pilocarpine 4%","3"
"pirfenidone","3"
"Pulmicort","3"
"Pyridostigmine Bromide","3"
"Pyridoxine HCl","3"
"Quetiapine extended-release","3"
"Quinine Sulfate","3"
"Repaglinide","3"
"Restasis","3"
"RISperidone","3"
"RisperiDONE Oral Solution","3"
"Sacubitril-Valsartan (97mg-103mg)","3"
"Sodium Acetate","3"
"SulfaSALAzine DR","3"
"Syringe (Inhalation)","3"
"Thiothixene","3"
"Tobramycin-Dexamethasone Ophth Susp","3"
"Topotecan","3"
"Tretinoin 0.025% Cream","3"
"Triamcinolone Acetonide 0.025% Ointment","3"
"TRIAzolam","3"
"Tuberculin PPD","3"
"umeclidinium-vilanterol","3"
"ValGANCIclovir","3"
"Vancomycin Antibiotic Lock","3"
"Volumen (Barium Sulfate 0.1% Suspension)","3"
"ZIPRASidone Hydrochloride","3"
"Lidocaine 1% ","2"
"Mercaptopurine","2"
"tacrolimus","2"
"Ranexa","2"
"Carbamazepine XR","2"
"Dakins 1/2 Strength","2"
"OXALIplatin","2"
"Evista","2"
"Heparin Flush (5000 Units/mL)","2"
"pilocarpine HCl","2"
"Pindolol","2"
"halobetasol propionate","2"
"Pioglitazone HCl","2"
"Talc (Sterile) + Lidocaine 1%","2"
"Mirapex","2"
"diltiazem","2"
"Gammagard Liquid","2"
"Rifabutin","2"
"Calcipotriene 0.005% Cream","2"
"Haemophilus B Conj. Vaccine","2"
"Pletal","2"
"Nimodipine","2"
"tenofovir alafenamide fumarate","2"
"Mitoxantrone","2"
"fluconazole","2"
"Hydrocortisone Oint 2.5%","2"
"modafinil","2"
"5% Dextrose (Non DEPH)","2"
"RisperiDONE (Disintegrating Tablet)","2"
"Hydrocortisone Oint 1%","2"
"Esmolol in Saline (Iso-osm)","2"
"Buprenorphine-Naloxone Film (2mg-0.5mg)","2"
"RITONAvir","2"
"Polymyxin B -Trimethoprim Ophth Soln","2"
"Filgrastim (Neupogen)","2"
"Tetracycline","2"
"Porfimer Sodium","2"
"Diclofenac Sodium DR","2"
"Cyclophosphamide","2"
"Anamorelin","2"
"amlodipine-benazepril","2"
"rivastigmine","2"
"Posaconazole Suspension","2"
"Thrombin","2"
"Amitriptyline HCl","2"
"diclofenac sodium","2"
"Fidaxomicin","2"
"Heparin (via Anti-Xa Monitoring)","2"
"lovastatin","2"
"Romiplostim","2"
"RomiPLOstim","2"
"Amiloride HCl","2"
"tiotropium bromide","2"
"Dextrose 5%  (*Glass Bottle*)","2"
"Crizotinib","2"
"Mycophenolate Sodium DR","2"
"Epoprostenol","2"
"Acebutolol HCl","2"
"Tobramycin - Dosing by pharmacy","2"
"Acebutolol","2"
"Glucose Tab","2"
"Amantadine Syrup","2"
"PALIperidone Palmitate","2"
"Epinephrine","2"
"Palonosetron","2"
"Alvimopan","2"
"Alteplase 1mg/5mL ( Clearance ie. Indwelling port )","2"
"Heparin (Impella)","2"
"NS (Excel)","2"
"Metronidazole Gel 0.75%-Vaginal","2"
"Combigan","2"
"Salsalate","2"
"Pangestyme-EC","2"
"Heparin (IABP)","2"
"Feraheme","2"
"Fosamprenavir","2"
"trametinib","2"
"Clonidine Patch 0.2 mg/24 hr","2"
"ClomiPRAMINE","2"
"Trandolapril","2"
"Morphine 0.2% Oral Rinse","2"
"LORazepam Oral Solution","2"
"Travatan Z","2"
"brinzolamide","2"
"Emend","2"
"Travoprost","2"
"Mexiletine","2"
"Dexamet","2"
"sevelamer HYDROCHLORIDE","2"
"Fentora","2"
"Lithium Oral Solution","2"
"Imipramine","2"
"Miconazole Nitrate (Combo Pack)","2"
"Dexam","2"
"Bivalirudin","2"
"Bisoprolol Fumarate","2"
"Desonide 0.05% Cream","2"
"Foradil Aerolizer","2"
"Triamterene","2"
"Namenda","2"
"Desipramine","2"
"Pentamidine-Inhalation","2"
"Droperidol","2"
"*NF* Levalbuterol Soln","2"
"Bicalutamide","2"
"Trifluoperazine HCl","2"
"Clevidipine","2"
"Trintellix","2"
"Tropicamide 1 %","2"
"sodium chloride","2"
"Pentoxifylline","2"
"Sodium Chloride ","2"
"NYSTATIN ORAL SUSPENSION","2"
"Albumin, Human","2"
"Peripheral Nerve Infusion Bag","2"
"Heparin (1000 Units / 500 mL)","2"
"Bethanechol","2"
"Betaxolol Ophth Susp  0.25%","2"
"Betamethasone Valerate 0.1% Ointment","2"
"Betamethasone Valerate 0.1% Cream","2"
"Albumin 5","2"
"Hepatitis B Vaccine","2"
"ofloxacin","2"
"Fluvoxamine Maleate","2"
"Benzoyl Peroxide Gel 10%","2"
"benzonatate","2"
"benzon","2"
"Insulin Pump (Self Administering Medication)","2"
"Viaflex Bag","2"
"vancomycin","2"
"benz","2"
"Midodrine 20 mg","2"
"ZYRtec","2"
"Phenazopyridine HCl","2"
"Dornase Alfa","2"
"Propafenone HCl","2"
"Sorbitol","2"
"Benazepril","2"
"Spiriva Respimat","2"
"Vemlidy","2"
"Fluorouracil","2"
"Chlorpheniramine Maleate","2"
"Propofol 1000mg/100mL 100mL VIAL","2"
"lactobacillus acidophilus","2"
"LaMIVudine-Zidovudine (Combivir)","2"
"Belladonna & Opium (16.2/30mg)","2"
"Stiolto Respimat","2"
"Femara","2"
"Chlordiazepoxide HCl","2"
"Propranolol HCl","2"
"Lantus","2"
"ChlordiazePOXIDE","2"
"Chantix Continuing Month Box","2"
"Sugammadex","2"
"Verapamil HCl","2"
"Chantix","2"
"balsalazide","2"
"Fluocinonide 0.05% Cream","2"
"Neomycin Sulfate","2"
"GELCLAIR","2"
"Decitabine","2"
"Gefitinib","2"
"Ketoconazole Shampoo","2"
"Lotemax","2"
"DAUNOrubicin","2"
"Methylprednisolone Na Succ","2"
"Ketamine (For Intubation)","2"
"maal","2"
"mult","2"
"Opium Tincture (morphine 10 mg/mL)","2"
"Pyrimethamine","2"
"Phenylephrine  0.5% Nasal Spray","2"
"Nevirapine","2"
"Divalproex Sodium","2"
"Phenylephrine 2.5 % Ophth Soln","2"
"INV-Crizotinib","2"
"Phenytoin ","2"
"Isosorbide Dinitrate ER","2"
"LeVETiracetam Solution","2"
"quiniDINE Sulfate","2"
"Exemestane","2"
"acyclovir","2"
"exemestane","2"
"Isosorbide ","2"
"Iressa","2"
"ipratropium bromide","2"
"Osimertinib","2"
"Phenytoin Sodium (IV)","2"
"raloxifene","2"
"Niacinamide","2"
"Exelon","1"
"Ethanol 70% Catheter DWELL","1"
"Ethacrynic Acid","1"
"Ethacrynate Sodium","1"
"etanercept","1"
"estradiol/progesterone/testosterone","1"
"Estradiol Transdermal Patch","1"
"Estraderm","1"
"esomeprazole magnesium (nexium)","1"
"Esomeprazole Magnesium","1"
"Nitroglycerin Ointment 0.2%","1"
"Esbriet (pirfenidone","1"
"Nitroglycerin SR","1"
"Esbriet","1"
"NORepinephri 8mg/250mL 250mL BAG","1"
"Ergotamine-Caffeine","1"
"EPINEPHrine (for dilution)","1"
"Enoxaparin","1"
"NS (Glass Bottle)","1"
"Enoxapari","1"
"Enfuvirtide","1"
"encorafenib","1"
"Emtricitabine Oral Solution","1"
"Emla Cream","1"
"Nysta","1"
"nystatin","1"
"eltrombopag","1"
"Edoxaban","1"
"Nystatin-Triamcinolone Ointment","1"
"Dutasteride","1"
"dutasteride","1"
"doxylamine succinate","1"
"Ocuvite","1"
"dorzolamide-timolol (PF)","1"
"Dorzolamide-Timolol","1"
"dorzolamide-timoloL","1"
"dorzolamide","1"
"Olmesartan","1"
"omeprazole","1"
"dornase alfa","1"
"omeprazole-sodium bicarbonate","1"
"omeprazole magnesium","1"
"Omeprazole Magnesium","1"
"Ondan","1"
"Ondanset","1"
"Donnatal","1"
"docusate sodium","1"
"Docusate Sodiu","1"
"Divalproex Sodium ER","1"
"Divalproex ","1"
"Disulfiram","1"
"Disopyramide Phosphate","1"
"Osimertinib (Tagrisso)","1"
"Osimertinib (TAGRISSO)","1"
"osimertinib + gefitinib","1"
"OXALIplatin Desensitization","1"
"Disopyramide CR","1"
"Dipyridamole","1"
"Dimethyl Sulfoxide","1"
"oxyCODONE","1"
"OxyCODONE","1"
"diltiaz","1"
"Dilt","1"
"Oxycodone-Acetaminophen ","1"
"dilt","1"
"Digoxin Immune Fab","1"
"OxycoDONE ","1"
"Didanosine EC","1"
"DiCLOXacillin","1"
"diclofenac ","1"
"diclofenac-misoprostol","1"
"Dibucaine","1"
"Dextrose 20% in Water (D20W)","1"
"Paclitaxel","1"
"PACLItaxel-Protein Bound (Abraxane)","1"
"Dextromethorphan HBr 30mg/15ml","1"
"PALIperidone ER","1"
"palonosetron","1"
"Dextroamphetamine","1"
"Pancrelipase 4500","1"
"Dextran 40 10%","1"
"Pant","1"
"Dexamethasone Ophthalmic Susp 0.1%","1"
"dexamethasone","1"
"Dexamethason","1"
"Papain 2.5 % Solution","1"
"Dexamethaso","1"
"Dexameth","1"
"Paxil CR","1"
"pegfilgrastim","1"
"Dexame","1"
"PEMBROlizumab Desensitization","1"
"Desmopressin Nasal","1"
"Desitin","1"
"pentosan polysulfate sodium","1"
"Pepcid Complete","1"
"permethrin","1"
"Permethrin","1"
"Descovy","1"
"PFNS (Syringe)","1"
"Dermoplast Spray","1"
"Demeclocycline","1"
"Voltaren","1"
"Phenelzine Sulfate","1"
"PHENO","1"
"PHENOba","1"
"Phenobar","1"
"demeclocycline","1"
"PHENObarbital-ICU Alcohol Withdrawal (Loading Dose 1) (IM) (FOR CLINICIAN USE)","1"
"PHENObarbital -  ICU Alcohol Withdrawal (Loading dose 2 and 3) FOR PHARMACY USE ONLY","1"
"PHENObarbital - ICU Alcohol Withdrawal (Loading Dose 1) ","1"
"PHENObarbital - ICU Alcohol Withdrawal (Loading dose 2 and 3)","1"
" Erlotinib","1"
"Dapagliflozin","1"
"PHENYLephrine","1"
"Dantrolene","1"
"PHENYLEPHrine (for 50mg/5mL VIAL","1"
"PHENYLEPHrine (for dilution)","1"
"dalteparin (porcine)","1"
"Dalteparin","1"
"Daliresp","1"
"dalfampridine 10 mg ","1"
"dalfampridine ","1"
"dalfampridine","1"
"Voltaren Arthritis Pain","1"
"Pilocarpine 1%","1"
"Pilocarpine 2%","1"
"ZZ* Cobimetinib","1"
"Dacomitinib","1"
"Dabrafenib 75mg","1"
"Dabrafenib *NF*","1"
"Accolate","1"
"Piroxicam","1"
"PleTAL","1"
"PNEUMOcocca","1"
"dabrafenib (Tafinlar)","1"
"dabrafenib","1"
"dabigatran etexilate","1"
"D5W (Excel)","1"
"cycloSPORINE","1"
"Polyvinyl Alcohol-Povidone","1"
"CycloPHOSphamide","1"
"potassiu","1"
"potassium","1"
"Potassium ","1"
"Culturelle","1"
"Crizotinib 250mg Caps","1"
"CoVID-19 Vaccine 1st Dose by Pharmacy","1"
"COVID-19 Vaccine (Janssen)","1"
"Cosy","1"
"Coreg","1"
"COQ10 200 mg liquid","1"
"CoQ10 (300mg)","1"
"Copper Chloride","1"
"potassium chlo","1"
"Copaxone","1"
"Concerta","1"
"combiv","1"
"Combi","1"
"Clorazepate Dipotassium","1"
"Povidone Iodine 1/2 Strength","1"
"pralsetinib","1"
"clofazimine (bulk)","1"
"Clobetasol Propionate 0.05% Gel","1"
"Clindamycin Phosphate","1"
"prednisoLONE acetate","1"
"PrednisoLONE Acetate 0.12% Ophth. Susp.","1"
"clindamycin phosphate","1"
"PrednisoLONE Oral Solution","1"
"predniSONE","1"
"Clindagel","1"
"Climara","1"
"Premarin","1"
"Prenatal Vitamins","1"
"PreserVision AREDS-2","1"
"Prevacid SoluTab","1"
"PriLOSEC","1"
"Primaquine Phosphate","1"
"Cladribine","1"
"Citrucel","1"
"Pristiq","1"
"ProAir HFA","1"
"Probenecid","1"
"Probiotic","1"
"Citracal Regular","1"
"Prochlorperazine Maleate","1"
"Profend","1"
"Promacta","1"
"Citracal + D","1"
"cilos","1"
"Proparacaine HCl 0.5% Opth.","1"
"Chloroprocaine 2% MPF","1"
"Protonix (Granules for DR Suspension)","1"
"cetir","1"
"Pseudoephedrine HCl","1"
"celecoxib","1"
"CeleBREX","1"
"Celebrex","1"
"vortioxetine","1"
"Pulmicort Flexhaler","1"
"CefTRIAXone Desensitization","1"
"Wal-Tussin DM","1"
"Ceftolozane-Tazobactam","1"
"abacavir-dolutegravir-lamivud (Triumeq)","1"
"Wellbutrin XL","1"
"CefTAZidime-Avibactam (Avycaz)","1"
"Catapres-TTS-3","1"
"Caspofungin *NF*","1"
"Casodex","1"
"quiniDINE Gluconate E.R.","1"
"Abacavir","1"
"Qvar","1"
"Carbidopa-Levodopa CR (50-200)","1"
"Radiagel","1"
"Carbidopa-Levodopa CR (25-100)","1"
"Carbidopa-Levodopa (25-250)","1"
"Carbidopa-Levodopa (25-100) ODT","1"
"CarBAMazepine Chewable Tabs","1"
"Carbamazepine Chewable Tabs","1"
"CarBAMazepine (Extended-Release)","1"
"Rasagiline","1"
"calcium ca","1"
"Rayos","1"
"Calcium 600 + D(3)","1"
"Calcitriol Oral Solution *NF*","1"
"Xanax XR 1mg ","1"
"Xeloda","1"
"Retevmo (selpercatinib)","1"
"CADD Cassette","1"
"cabozantinib","1"
"bupro","1"
"rilpivirine","1"
"RisperDAL Consta","1"
"buprenorphine HCL","1"
"buprenorphine HCl","1"
"Risperidone Long Acting Injection","1"
"2","1"
"Rituximab","1"
"RITUXimab","1"
"riTUXimab-abbs (Truxima)","1"
"rivaroxaban","1"
"Buprenorphine-Naloxone (8mg-2mg)","1"
"robi","1"
"Robinul","1"
"Rocklatan","1"
"Buprenorphine","1"
"roflumilast","1"
"Buprenex","1"
"Bupivacaine 0.2%","1"
"Ropinirole HCl","1"
"Bupivacaine 0.125%","1"
"Rosiglitazone Maleate","1"
"rosuvastatin","1"
"Bupivacaine ","1"
"Rufinamide","1"
"Bupivacaine","1"
"Bulk Chemical","1"
"Xopenex inhaler","1"
"Saliva Substitute","1"
"Budesonide Nasal Inhaler","1"
"Salonpas","1"
"Sancuso","1"
"Budesonide flexhaler (Pulmicort)","1"
"Savella (milnacipran)","1"
"Scopolamine Base","1"
"budesonide-formoterol","1"
"Selegiline HCl","1"
"selpercatinib","1"
"senna","1"
"brimonidine ophthalmic","1"
"brimonidine-timolol","1"
"Brigatinib","1"
"brigatinib","1"
"Sildenafil Citrate","1"
"Silver Nitrate Applicator","1"
"Breo Ellipta","1"
"simethicone","1"
"Bismuth Subsalicylate Chewable","1"
"Sodium","1"
"0.45 % Sodium Chloride","1"
"sodium bi","1"
"sodium bic","1"
"Sodium Bicarbonat 50mEq/50mL SYR","1"
"Sodium Bicarbonate 8.4% (Nephron)","1"
"bicalutamide","1"
"sodium chloride 0.9 % (flush)","1"
"Bevacizumab-awwb (Mvasi)","1"
"Bevacizumab","1"
"Betamethasone Dipro 0.05% Lot.","1"
"Betamethasone Dipro 0.05% Augmented Gel","1"
"Sodium Fluoride 1.1% (Dental Gel)","1"
"benzo","1"
"solifenacin","1"
"Benicar","1"
"Solution","1"
"Soma","1"
"sorafenib","1"
"Spiriva with HandiHaler","1"
"ben","1"
"Stavudine","1"
"Stiolto Respimat  (tiotropium-olodateroL) ","1"
"Stribild","1"
"Belladonna-Phenobarbital","1"
"sucralfate","1"
"Bariatric Multivitamins","1"
"Sulfacetamide-Prednisolone Ophth. Susp.","1"
"SulfADIAzine","1"
"Bacitracin-Polymyxin Ointment","1"
"B complex with C#20-folic acid","1"
"Azopt","1"
"sulfamethoxazole-trimethoprim","1"
"Avodart (dutasteride)","1"
"*NF* Rasburicase","1"
"Aveeno Intense Relief","1"
"sumatriptan","1"
"Aveeno Bath","1"
"Augmentin Suspension","1"
"Atezolizumab","1"
"Atacand","1"
"Astelin","1"
"aspirin","1"
"zaleplon","1"
"Syringe (Intraperitoneal)","1"
"Aspercreme ","1"
"Syringe (Intrathecal)","1"
"Ascorbic Acid (Liquid)","1"
"Syringe (LR)","1"
"Artificial Saliva","1"
"Aromasin","1"
"Arnuity Ellipta","1"
"Armour Thyroid","1"
"Systane","1"
"Systane Nighttime (white petrolatum-mineral oiL)","1"
"Tabrecta (Capmatinib)","1"
"arformoteroL 15 mcg/2 mL","1"
"Tacrolimus Suspension","1"
"tadalafil","1"
"tadalafil 20mg","1"
"Tafinlar","1"
"arformoteroL","1"
"Tagrisso (osimertinib)","1"
"Tagrisso (Osimertinib)","1"
"Tagrisso (Osimetrinib)","1"
"Arava","1"
"Aquapho","1"
"aprepitant","1"
"Anoro Ellipta 62.5/25","1"
"Tarceva (erlotinib)","1"
"Tegretol","1"
"Telavancin *NF*","1"
"Anoro Ellipta (62.5mcg/25mcg)","1"
"Temozolomide","1"
"Anoro Ellipta  (umeclidinium-vilanteroL)","1"
"tenofovir disoproxil fumarate","1"
"AndroGel","1"
"Anamorelin HCl","1"
"Terbutaline Sulfate","1"
"Terconazole 0.4% Vag. Cream","1"
"Terconazole 80mg Vag. Supp","1"
"tes","1"
"Tessalon ","1"
"Testosterone Cypionate","1"
"Testosterone Gel 1%","1"
"Tetracaine HCl","1"
"Theophylline","1"
"Theophylline (Oral Solution)","1"
"Anamorelin  ","1"
"Thiotepa","1"
"Zidovudine","1"
"Tiagabine","1"
"Aminocaproic Acid 25 % Oral Rinse","1"
"Tigecycline","1"
"timolol","1"
"timolol maleate","1"
"Aminocaproic","1"
"aMILoride","1"
"Tirofiban","1"
"Ambrisentan","1"
"ambrisentan","1"
"Ziextenzo","1"
"Tobramycin 0.3% Ophth Ointment","1"
"Amaryl","1"
"tobramycin with nebulizer","1"
"tofacitinib ER (Xeljanz)","1"
"Amantadine","1"
"*NF* Ranolazine ER","1"
"Toprol XL","1"
"Altepla","1"
"Toviaz","1"
"Aliskiren","1"
"alirocumab","1"
"tramadol","1"
"Align","1"
"alfuzosin ER 10 mg ","1"
"Trametinib *NF*","1"
"Trametinib 2mg","1"
"alectinib (Alecensa)","1"
"Travatan","1"
"TRAVATAN Z","1"
"travoprost","1"
"Alectinib ","1"
"Alectinib","1"
"Alecensa (alectinib)","1"
"Ziprasidone","1"
"Tretinoin 0.05% Cream","1"
"Tretinoin 0.1% Cream","1"
"Triamcinolone Acetonide","1"
"Aldesleukin","1"
"ZZ* Ipatasertib","1"
"Albuterol Sulfate (Extended Release)","1"
"Albuterol Sulfate","1"
"Triamcinolone Acetonide Inj","1"
"Albuterol Inhaler (ProAir)","1"
"Triamterene-Hydrochlorothiazid","1"
"Albuterol 0.5%","1"
"Triamterene-Hydrochlorothiazide (37.5/25)","1"
"albutero","1"
"Trileptal","1"
"trospium","1"
"Trulicity","1"
"*NF* Fluticasone Propionate","1"
"albuter","1"
"Tudorza (aclidinium bromide)","1"
"umeclidinium","1"
"*NF* Erlotinib 150mg tab","1"
"Albumin 5% (","1"
"umeclidinium-vilanteroL 62.5-25 mcg/actuation ","1"
"ursodioL","1"
"Valacyclovir","1"
"Albumin 25% ","1"
"*NF* Bicalutamide","1"
"Valium","1"
"Albumin ","1"
"albu","1"
"AH Topical Gel","1"
"Valtrex","1"
"Afatinib","1"
"afatinib","1"
"Advair HFA 115/21","1"
"Advair HFA","1"
"varenicline","1"
"adva","1"
"Vasopressin (for dilution)","1"
"Adcirca","1"
"vemurafenib","1"
"Venetoclax","1"
"LaMICtal XR","1"
"Lactase Enzyme","1"
"Lactaid","1"
"lansoprazole","1"
"Lacosamide *NF*","1"
"Lanthanum","1"
"Lantus Solostar","1"
"Lantus U-100 Insulin","1"
"latanoprost","1"
"LACOSamide - STAT Dose","1"
"Ledipasvir/Sofosbuvir","1"
"ketorolac","1"
"Leflunomide","1"
"lenalidomide","1"
"LENALIDOMIDE","1"
"Lepirudin","1"
"Acyclovir Sodium","1"
"ketamine 5%- gabapentin 10%-lidocaine 6%-amitripline 2%","1"
"Levalbuterol","1"
"levalbuterol HCl","1"
"levalbuterol neb","1"
"Keppra XR","1"
"levalbuterol tartrate","1"
"Levalbuterol Tartrate","1"
"Levemir","1"
"Kcentra*","1"
"Juluca","1"
"Januvia","1"
"Itraconazole","1"
"Isosorbide Dinitrate SA","1"
"Levobunolol","1"
"Levobunolol 0.25%","1"
"Levocarnitine","1"
"Lexapro","1"
"lido","1"
"Lidoc","1"
"lidocaine","1"
"Acular","1"
"IPRATROPIUM-ALBUTEROL INHALATION SPRAY","1"
"ipr","1"
"Lidocaine (Bulk)","1"
"INV Dalteparin","1"
"INV dalteparin","1"
"INV-Osimertinib","1"
"INV-Hydrocortisone","1"
"INV-Gefitinib","1"
"Lidocaine 1% PF","1"
"INV-Erlotinib","1"
"INV-Dalteparin","1"
"INV-Ascorbic Acid","1"
"INV-Acetaminophen ","1"
"Lidocaine 2%/Epinephrine","1"
"INV","1"
"Intrathecal Pump","1"
"Intal (cromolyn) MDI","1"
"Insulin Syringe U-500","1"
"Insulin Regular Human (U-500)","1"
"Insulin Reg Human (NovoLIN R)","1"
"Lidocaine Viscous","1"
"linaclotide","1"
"linaCLOtide","1"
"Insulin Pump","1"
"Insulin novolog","1"
"Lisdexamfetamine (Vyvanse)","1"
"insulin glargine","1"
"Insulin Aspart *NF* (for Insulin PUMP)","1"
"loper","1"
"Influen","1"
"InFLIXimab-abda (Renflexis)","1"
"Actonel","1"
"Lopinavir-Ritonavir","1"
"InFLIXimab","1"
"lorazepam","1"
"Indigotindisulfonate Sodium","1"
"Indapamide","1"
"Lorazepam Topical (C-AH)","1"
"lorlatinib","1"
"Incruse Ellipta 62.5mcg","1"
"loteprednol etabonate","1"
"Loteprednol Etabonate","1"
"Incruse Ellipta (umeclidinium)","1"
"imiquimod","1"
"Ifosfamide","1"
"Lunesta","1"
"Lurbinectedin","1"
"Icy Hot Pain Relieving","1"
"Ibrutinib","1"
"ibrutinib","1"
"Hyoscyamine SO4 (Time Release)","1"
"Hydroxypropyl Methylcellulose","1"
"HYDROmorphone Infusion – Comfort Care Guidelines","1"
"HYDROmorphone ","1"
"hydromorphone-bupiv-NaCL (PF)","1"
"hydrogen peroxide","1"
"mannitol 20 %","1"
"mannitoL 20 %","1"
"Hydrocortisone Val. Cream 0.2%","1"
"Medium Chain Triglycerides","1"
"Hydrocortisone Na Succinate","1"
"megestrol","1"
"Hydrocortisone Na Succ","1"
"Mekinist","1"
"Meloxicam","1"
"Hydrocortisone Acetate Ointment 1%","1"
"Aciphex","1"
"Meningococcal Group B Vaccine (Trumenba)","1"
"hydrocodone-homatropine","1"
"hydrocodone-chlorpheniramine","1"
"Meropenem Graded Challenge","1"
"Humalog","1"
"Hepatitis B Vaccine (Engerix-B 20 mcg/mL)","1"
"Hepatitis B Vaccine (20 mcg/mL)","1"
"Mesalamine Enema","1"
"metaxalone","1"
"Hepatitis A Vaccine","1"
"Heparin Lock Flush","1"
"methadon","1"
"methadone","1"
"Heparin Flush Hickman (100 units/ml)","1"
"Methadone ","1"
"Heparin Flush CRRT (5000 Units/mL)","1"
"Heparin Flush (100 units/mL)","1"
"Methadone PCA","1"
"Viibryd (Vilazodone)","1"
"Methotrexate Sodium","1"
"vilazodone","1"
"Methylene Blue","1"
"Heparin ","1"
"heparin","1"
"hepar","1"
"Haloperidol TOPICAL GEL (C-AH)","1"
"haloperidol lactate","1"
"MethylPREDNISolone Sod Succ ","1"
"Haloperidol Decanoate","1"
"Haloperidol (Bulk)","1"
"metoLAZOne","1"
"haloperidol ","1"
"Gummi Bear Multivitamin","1"
"metoprolol tartrate","1"
"guaif","1"
"GlycoLax","1"
"Glimepiride","1"
"Gleevec","1"
"metyrapone","1"
"Genvoya","1"
"Gentamicin 0.3% Ophth. Ointment","1"
"Acetylcysteine ","1"
"Gentamicin - Dosing by pharmacy","1"
"gentamicin","1"
"Genotropin Miniquick","1"
"Midodrine 20mg","1"
"Milrinone Lactate","1"
"Ganciclovir 0.15% Ophth Gel","1"
"Ganciclovir","1"
"Minocycline 100mg tablets","1"
"Acetylcystein","1"
"mira","1"
"mirabegron (Myrbetriq","1"
"Gamunex/GammaKED 10%","1"
"Misoprostol","1"
"modaf","1"
"galantamine","1"
"mometasone furoate cream 0.1%","1"
"gabapentin","1"
"furose","1"
"Morphi","1"
"Morphin","1"
"Viokase-8","1"
"Forteo","1"
"Morphine S","1"
"formoterol fumarate","1"
"Morphine Sul","1"
"Morphine Sulfat","1"
"Fomepizole","1"
"FoLIC ","1"
"Fluticasone-Salmeterol","1"
"flutic","1"
"Morphine Sulfate (PF)","1"
"Morphine Topical Gel","1"
"Movantik","1"
"Fluocinolone Acetonide 0.025% Ointment","1"
"Acetylcyste","1"
"Fluocinolone Acetonide 0.025% Cream","1"
"Fluocinolone Acetonide 0.01% Solution","1"
"Fluocinolone Acetonide 0.01% Cream","1"
"Multiv","1"
"Multivita","1"
"Multivitam","1"
"Multivitami","1"
"Multivitamin","1"
"Flunisolide Inhaler","1"
"fludrocortisone","1"
"Flucytosine","1"
"acetyl","1"
"mupirocin","1"
"Flovent HFA","1"
"fidaxomicin","1"
"Mycophenolate Mofetil Suspension","1"
"Myfortic","1"
"Acetic Acid 3% (For Topical Irrigation)","1"
"Acetic Acid 2% Otic Solution","1"
"Ferric Citrate","1"
"Nafcillin Desensitization","1"
"Nalbuphine HCl","1"
"naloxegol","1"
"naloxegol (Movanitk)","1"
"Acetaminophen 325mg TAB","1"
"Naloxone Nasal Spray","1"
"naltrexone","1"
"Naltrexone","1"
"fentaNYL Citrate","1"
"fenofibrate","1"
"Nasonex (mometasone)","1"
"Nateglinide","1"
"nebivolol","1"
"Nefazodone","1"
"Nefazodone HCl","1"
"Neomycin-Polymyxin-Bacitracin Ophth. Oint","1"
"Neomycin-Polymyxin-HC Otic Susp","1"
"Famotidine (PO)","1"
"famotidine","1"
"famciclovir","1"
"NeuLumEX (Barium Sulfate 0.1% Suspension)","1"
"Neurontin","1"
"Factor 8 recombinant","1"
"NexIUM","1"
"NiCARdipine","1"
